id,name,position_id,position_2_id,squad_id,age,club_id,birth_year,matches_played,starts,minutes_played
1,Brenden Aaronson,1,0,1,22-055,1,2000,4,0,108
2,Ali Abdi,2,0,2,28-361,2,1993,3,2,188
3,Salis Abdul Samed,1,0,3,22-265,3,2000,3,3,250
4,Saud Abdulhamid,2,1,4,23-151,4,1999,3,3,270
5,Nawaf Al Abed,1,0,4,32-324,5,1990,2,0,88
6,Pape Abou Cissé,2,0,5,27-093,6,1995,3,1,105
7,Vincent Aboubakar,3,0,6,30-328,7,1992,3,1,142
8,Abdulrahman Al-Aboud,1,2,4,27-198,8,1995,2,0,35
9,Zakaria Aboukhlal,3,1,7,22-301,9,2000,4,0,79
10,Kellyn Acosta,1,0,1,27-145,10,1995,2,0,43
11,Marcos Acuña,2,0,8,31-049,11,1991,5,4,316
12,Tyler Adams,1,0,1,23-305,1,1999,4,4,360
13,Sam Adekugbe,2,0,9,27-334,12,1995,3,1,95
14,Michel Aebischer,1,3,10,25-344,13,1997,1,0,16
15,Akram Afif,3,0,11,26-028,14,1996,3,3,270
16,Nayef Aguerd,2,0,7,26-261,15,1996,4,4,353
17,Brandon Aguilera,1,0,12,19-171,16,2003,3,1,90
18,Homam Ahmed,2,0,11,23-113,17,1999,3,3,262
19,Manuel Akanji,2,0,10,27-150,18,1995,4,4,360
20,Nathan Aké,2,0,13,27-301,18,1995,5,5,479
21,Ahmed Alaaeldin,3,0,11,29-319,17,1993,1,0,6
22,Jordi Alba,2,0,14,33-270,19,1989,4,3,264
23,Toby Alderweireld,2,0,15,33-289,20,1989,3,3,270
24,Trent Alexander-Arnold,2,0,16,24-070,21,1998,1,0,34
25,Almoez Ali,3,0,11,26-119,22,1996,3,3,224
26,Alisson,4,0,17,30-075,21,1992,4,4,379
27,Joe Allen,1,0,18,32-277,23,1990,2,1,94
28,Thiago Almada,1,0,8,21-234,24,2001,1,0,7
29,Roberto Alvarado,3,0,19,24-100,25,1998,1,0,18
30,Edson Álvarez,1,0,19,25-053,26,1997,2,2,175
31,Julián Álvarez,3,1,8,22-319,18,2000,6,4,362
32,Kevin Álvarez,2,0,19,23-335,27,1999,2,1,70
33,Dani Alves,2,0,17,39-224,28,1983,2,1,118
34,Selim Amallah,1,0,7,26-031,29,1996,6,4,384
35,Daniel Amartey,2,0,3,27-360,30,1994,3,3,251
36,Ethan Ampadu,1,2,18,22-093,31,2000,3,3,255
37,Sofyan Amrabat,1,0,7,26-117,32,1996,6,6,570
38,Abdulelah Al-Amri,2,0,4,25-335,7,1997,3,2,182
39,Joachim Andersen,2,0,20,26-199,33,1996,3,3,270
40,Karim Ansarifard,3,1,21,32-257,34,1990,2,0,35
41,Antony,3,0,17,22-295,35,2000,4,1,172
42,Uriel Antuna,3,1,19,25-117,36,1997,3,0,77
43,Néstor Araujo,2,0,19,31-109,37,1991,1,1,90
44,Takuma Asano,3,0,22,28-036,38,1994,4,0,165
45,Marco Asensio,3,0,14,26-329,39,1996,4,3,229
46,Ali Assadalla,1,0,11,29-331,14,1993,1,0,27
47,Lawrence Ati-Zigi,4,0,3,26-017,40,1996,3,3,270
48,Nathaniel Atkinson,2,0,23,23-186,41,1999,1,1,84
49,Yahya Attiat Allah,2,0,7,27-289,42,1995,5,1,228
50,André Ayew,1,3,3,32-364,14,1989,3,3,198
51,Jordan Ayew,3,0,3,31-096,33,1991,3,2,136
52,Sardar Azmoun,3,0,21,27-349,43,1995,3,2,126
53,César Azpilicueta,2,0,14,33-110,44,1989,2,2,135
54,Srđan Babić,2,0,24,26-238,45,1996,1,0,13
55,Keanu Baccus,1,0,23,24-192,46,1998,4,1,114
56,Alexander Bah,2,0,20,25-007,47,1997,2,0,46
57,Hattan Bahebri,1,0,4,30-153,5,1992,2,0,4
58,Alejandro Balde,2,0,14,19-059,19,2003,4,1,126
59,Gareth Bale,3,0,18,33-153,10,1989,3,3,225
60,Fodé Ballo-Touré,2,0,5,25-347,48,1997,1,0,7
61,Badr Banoun,2,0,7,29-077,49,1993,2,0,27
62,Borna Barišić,2,0,25,30-036,50,1992,1,1,120
63,Meshaal Barsham,4,0,11,24-305,14,1998,2,2,180
64,Christian Bassogog,1,0,6,27-059,51,1995,1,0,24
65,Michy Batshuayi,3,0,15,29-075,52,1993,2,2,151
66,Jan Bednarek,2,0,26,26-248,53,1996,1,0,5
67,Aziz Behich,2,0,23,32-000,54,1990,4,4,360
68,Alireza Beiranvand,4,0,21,30-086,55,1992,2,2,109
69,Jude Bellingham,1,0,16,19-170,56,2003,5,5,414
70,Anis Ben Slimane,1,0,2,21-275,57,2001,2,2,148
71,Jewison Bennette,1,0,12,18-184,58,2004,3,1,103
72,Rodrigo Bentancur,1,0,27,25-174,59,1997,3,3,213
73,Bartosz Bereszyński,2,0,26,30-157,60,1992,4,4,341
74,Steven Berghuis,1,0,13,30-362,26,1991,4,1,200
75,Steven Bergwijn,3,0,13,25-069,26,1997,4,3,213
76,Krystian Bielik,1,0,26,24-346,61,1998,4,2,216
77,Daley Blind,2,0,13,32-282,26,1990,5,5,423
78,Celso Borges,1,0,12,34-203,62,1988,3,3,249
79,Milan Borjan,4,0,9,35-054,63,1987,3,3,270
80,Karim Boudiaf,1,0,11,32-091,22,1990,3,2,185
81,Sofiane Boufal,3,0,7,29-090,64,1993,6,6,412
82,Yassine Bounou,4,0,7,31-255,11,1991,5,5,480
83,Martin Braithwaite,3,1,20,31-194,65,1991,2,1,103
84,Mohammed Al-Breik,2,0,4,30-092,4,1992,2,1,65
85,Gleison Bremer,2,0,17,25-273,66,1997,2,1,109
86,Dylan Bronn,2,0,2,27-180,67,1995,2,2,162
87,Marcelo Brozović,1,0,25,30-030,68,1992,6,6,552
88,Tajon Buchanan,1,2,9,23-311,69,1999,3,3,260
89,Ante Budimir,3,0,25,31-147,70,1991,2,0,55
90,Osman Bukari,1,0,3,24-003,63,1998,2,0,59
91,Ali Al-Bulaihi,2,0,4,33-025,4,1989,3,3,216
92,Firas Al-Buraikan,1,3,4,22-216,71,2000,3,3,268
93,Sergio Busquets,1,0,14,34-153,19,1988,4,4,363
94,Martín Cáceres,2,0,27,35-253,72,1987,1,1,90
95,Moisés Caicedo,1,0,28,21-044,73,2001,3,3,269
96,Francisco Calvo,2,0,12,30-161,74,1992,2,2,180
97,Eduardo Camavinga,2,0,29,20-036,39,2002,1,1,90
98,Joel Campbell,3,1,12,30-173,75,1992,3,3,269
99,João Cancelo,2,0,30,28-203,18,1994,4,3,310
100,Agustín Canobbio,1,0,27,24-076,76,1998,1,0,11
101,Yannick Carrasco,3,2,15,29-103,77,1993,2,2,116
102,Cameron Carter-Vickers,2,0,1,24-350,78,1997,1,1,90
103,Dani Carvajal,2,0,14,30-339,39,1992,2,1,135
104,William Carvalho,1,0,30,30-253,79,1992,4,2,215
105,Casemiro,1,0,17,30-296,35,1992,4,4,390
106,Matty Cash,2,0,26,25-131,53,1997,4,4,360
107,Timothy Castagne,2,0,15,27-011,30,1995,3,3,270
108,Jean-Charles Castelletto,2,0,6,27-324,80,1995,2,2,180
109,Lucas Cavallini,3,0,9,29-353,81,1992,1,0,19
110,Edinson Cavani,3,0,27,35-305,82,1987,3,1,124
111,Ghaylène Chaalali,1,0,2,28-291,83,1994,1,0,17
112,Daniel Chacón,1,0,12,21-249,84,2001,1,0,1
113,Kwon Chang-hoon,3,1,31,28-169,85,1994,1,1,56
114,Luis Chávez,1,0,19,26-335,27,1996,3,3,270
115,Walid Cheddira,3,0,7,24-328,86,1998,2,0,64
116,Roozbeh Cheshmi,2,1,21,29-145,87,1993,2,1,58
117,Andreas Christensen,2,0,20,26-250,19,1996,3,3,270
118,Hong Chul,2,0,31,32-090,88,1990,1,0,45
119,José Cifuentes,1,0,28,23-279,10,1999,2,0,59
120,Pathé Ciss,1,0,5,28-275,89,1994,3,2,146
121,Sebastián Coates,2,0,27,32-070,90,1990,2,2,180
122,Rubin Colwill,1,0,18,20-233,91,2002,1,0,10
123,Kingsley Coman,3,0,29,26-186,92,1996,5,1,119
124,Eray Cömert,2,0,10,24-315,82,1998,2,0,46
125,Anthony Contreras,3,1,12,22-321,93,2000,3,2,125
126,Andreas Cornelius,3,0,20,29-275,94,1993,3,1,92
127,Ángel Correa,1,0,8,27-282,77,1995,1,0,5
128,Diogo Costa,4,0,30,23-088,95,1999,5,5,450
129,Thibaut Courtois,4,0,15,30-219,39,1992,3,3,270
130,Jason Cummings,3,0,23,27-137,96,1995,1,0,35
131,Aimen Dahmen,4,0,2,25-322,97,1997,3,3,270
132,Diogo Dalot,2,0,30,23-273,35,1999,3,3,258
133,Mikkel Damsgaard,1,3,20,22-166,98,2000,3,1,150
134,Danilo,2,0,17,31-154,66,1991,3,3,281
135,Achraf Dari,2,0,7,23-224,99,1999,2,1,124
136,Jonathan David,3,1,9,22-336,100,2000,3,2,192
137,Alphonso Davies,1,2,9,22-044,92,2000,3,3,270
138,Ben Davies,2,0,18,29-236,59,1993,3,3,238
139,Nasser Al-Dawsari,3,0,4,23-362,4,1998,1,0,5
140,Salem Al-Dawsari,1,0,4,31-119,4,1991,3,3,270
141,Giorgian De Arrascaeta,1,0,27,28-198,101,1994,2,1,108
142,Kevin De Bruyne,3,1,15,31-171,18,1991,3,3,270
143,Charles De Ketelaere,3,0,15,21-281,48,2001,1,0,16
144,Nicolás De La Cruz,1,0,27,25-198,102,1997,2,0,38
145,Rodrigo De Paul,1,0,8,28-206,77,1994,6,6,498
146,Miloš Degenek,2,0,23,28-232,103,1994,4,2,183
147,Thomas Delaney,1,0,20,31-104,11,1991,1,1,44
148,Ousmane Dembélé,3,0,29,25-215,19,1997,6,5,393
149,Leander Dendoncker,2,1,15,27-245,53,1995,2,2,161
150,Sergiño Dest,2,0,1,22-043,48,2000,4,4,305
151,Ángel Di María,1,3,8,34-305,66,1988,4,3,225
152,Boulaye Dia,3,0,5,26-030,67,1996,4,4,318
153,Abdou Diallo,2,0,5,26-226,104,1996,4,4,331
154,Rúben Dias,2,0,30,25-216,18,1997,4,4,360
155,Krépin Diatta,3,1,5,23-294,105,1999,3,3,181
156,Famara Diedhiou,3,0,5,30-001,106,1992,2,1,92
157,Bamba Dieng,3,0,5,22-268,107,2000,4,0,100
158,Eric Dier,2,0,16,28-335,59,1994,2,0,36
159,Axel Disasi,2,0,29,24-280,105,1998,2,1,91
160,Alexander Djiku,2,3,3,28-129,108,1994,2,1,97
161,Ritsu Doan,3,0,22,24-183,109,1998,4,2,217
162,Jeremy Doku,1,3,15,20-203,110,2002,1,0,19
163,Kasper Dolberg,3,0,20,25-071,11,1997,3,1,114
164,Mohamed Dräger,2,0,2,26-174,111,1996,2,2,132
165,Óscar Duarte,2,0,12,33-196,112,1989,3,3,270
166,Mitchell Duke,3,0,23,31-332,113,1991,4,4,270
167,Denzel Dumfries,2,0,13,26-242,68,1996,5,5,479
168,Paulo Dybala,3,0,8,29-031,114,1993,1,0,17
169,Enzo Ebosse,2,0,6,23-280,115,1999,1,1,90
170,Ederson,4,0,17,29-121,18,1993,1,1,90
171,Jorge Eduardo Sánchez,2,0,19,25-006,26,1997,2,2,175
172,Nico Elvedi,2,0,10,26-077,116,1996,2,2,180
173,Breel Embolo,3,0,10,25-305,105,1997,4,4,323
174,Youssef En-Nesyri,3,0,7,25-198,11,1997,6,6,452
175,Wataru Endo,1,0,22,29-310,117,1993,4,3,304
176,Devis Epassy,4,0,6,29-317,118,1993,2,2,180
177,Christian Eriksen,1,0,20,30-305,35,1992,3,3,270
178,Michael Estrada,3,0,28,26-253,36,1996,3,3,225
179,Pervis Estupiñán,2,0,28,24-329,73,1998,3,3,270
180,Stephen Eustáquio,1,0,9,25-360,95,1996,2,2,125
181,Saeid Ezatolahi,1,0,21,26-076,119,1996,3,2,217
182,Abdessamad Ezzalzouli,3,1,7,20-364,70,2001,3,0,93
183,Fabinho,1,0,17,29-054,21,1993,1,1,90
184,Collins Fai,2,0,6,30-125,120,1992,3,3,270
185,Salman Al-Faraj,1,0,4,33-137,4,1989,1,1,44
186,Christian Fassnacht,3,0,10,29-035,121,1993,1,0,8
187,Abdul Fatawu Issahaku,3,0,3,18-283,90,2004,1,0,1
188,Ansu Fati,3,0,14,20-046,19,2002,2,0,46
189,João Félix,3,0,30,23-036,77,1999,4,4,331
190,Bruno Fernandes,3,1,30,28-099,35,1994,4,4,356
191,Edimilson Fernandes,3,2,10,26-245,122,1996,3,1,145
192,Enzo Fernández,1,0,8,21-333,47,2001,6,4,444
193,Jesús Ferreira,3,0,1,21-357,123,2000,1,1,45
194,Phil Foden,3,1,16,22-202,18,2000,4,3,258
195,Youssouf Fofana,1,0,29,23-340,105,1999,5,2,202
196,Juan Foyth,2,0,8,24-338,124,1998,1,0,5
197,Alan Franco,1,0,28,24-117,125,1998,2,1,46
198,Przemysław Frankowski,1,0,26,27-248,3,1995,4,3,240
199,Fred,1,0,17,29-286,35,1993,4,2,142
200,Fabian Frei,1,0,10,33-342,126,1989,2,0,25
201,Remo Freuler,1,0,10,30-245,127,1992,4,4,323
202,Keysher Fuller,2,1,12,28-158,93,1994,3,3,253
203,Niclas Füllkrug,3,0,32,29-310,128,1993,3,0,69
204,Rogelio Funes Mori,3,0,19,31-286,129,1991,1,0,5
205,Cody Gakpo,3,1,13,23-223,130,1999,5,5,450
206,Hernán Galíndez,4,0,28,35-261,131,1987,3,3,270
207,Jesús Gallardo,2,0,19,28-123,129,1994,3,3,270
208,Idrissa Gana Gueye,1,0,5,33-081,132,1989,3,3,270
209,Gavi,1,0,14,18-133,19,2004,4,4,284
210,Sultan Al-Ghanam,2,1,4,28-224,7,1994,3,1,126
211,Nader Ghandri,2,0,2,27-301,133,1995,1,1,90
212,Saman Ghoddos,1,0,21,29-101,98,1993,1,0,45
213,Ali Gholizadeh,1,3,21,26-281,134,1996,3,2,199
214,Matthias Ginter,2,0,32,28-331,109,1994,1,0,1
215,Olivier Giroud,3,0,29,36-077,48,1986,5,5,379
216,Kamil Glik,2,0,26,34-316,135,1988,4,4,360
217,Serge Gnabry,3,1,32,27-155,92,1995,3,3,263
218,Diego Godín,2,0,27,36-303,136,1986,2,2,151
219,Maxi Gómez,3,0,27,26-124,137,1996,2,0,30
220,Papu Gómez,1,3,8,34-304,11,1988,2,2,107
221,Shūichi Gonda,4,0,22,33-288,138,1989,4,4,390
222,Craig Goodwin,1,0,23,31-000,139,1991,4,3,234
223,Leon Goretzka,1,0,32,27-313,92,1995,3,2,159
224,Mario Götze,1,0,32,30-196,140,1992,2,0,36
225,Jack Grealish,3,0,16,27-097,18,1995,5,0,86
226,Antoine Griezmann,1,0,29,31-270,77,1991,6,5,467
227,Kamil Grosicki,1,0,26,34-191,141,1988,1,0,4
228,Carlos Gruezo,1,0,28,27-241,142,1995,1,1,45
229,Marko Grujić,1,0,24,26-247,95,1996,1,0,13
230,Andrés Guardado,1,0,19,36-079,79,1986,1,1,41
231,Nemanja Gudelj,1,2,24,31-030,11,1991,2,1,92
232,Mattéo Guendouzi,3,1,29,23-246,107,1999,1,1,78
233,Raphaël Guerreiro,2,0,30,28-359,56,1993,4,3,279
234,Cho Guesung,3,0,31,24-325,143,1998,4,3,275
235,Pape Gueye,1,0,5,23-326,107,1999,3,1,153
236,Bruno Guimarães,1,0,17,25-030,144,1997,2,0,69
237,İlkay Gündoğan,1,0,32,32-053,18,1990,3,3,189
238,Erick Gutiérrez,1,0,19,27-184,130,1995,1,0,49
239,Joško Gvardiol,2,0,25,20-327,104,2002,6,6,600
240,Asiri Haitham,3,0,4,21-266,145,2001,1,0,2
241,Ehsan Hajsafi,1,2,21,32-294,146,1990,3,3,237
242,Achraf Hakimi,2,0,7,24-042,147,1998,6,6,541
243,Abderrazak Hamdallah,3,0,7,31-364,8,1990,4,0,68
244,Abdelkarim Hassan,2,0,11,29-110,14,1993,3,3,270
245,Ali Al Hassan,1,0,4,25-287,7,1997,1,1,45
246,Abdulaziz Hatem,1,0,11,32-049,148,1990,3,2,196
247,Kai Havertz,3,0,32,23-188,44,1999,2,1,102
248,Hassan Al-Haydos,1,0,11,32-005,14,1990,3,3,206
249,Eden Hazard,1,0,15,31-343,39,1991,3,2,124
250,Thorgan Hazard,3,0,15,29-262,56,1993,2,1,106
251,Hwang Hee-chan,1,3,31,26-324,149,1996,2,1,115
252,Jordan Henderson,1,0,16,32-182,21,1990,4,3,271
253,Wayne Hennessey,4,0,18,35-326,127,1987,2,2,175
254,Lucas Hernández,2,0,29,26-305,92,1996,1,1,12
255,Theo Hernández,2,0,29,25-071,48,1997,5,4,438
256,Héctor Herrera,1,0,19,32-241,150,1990,2,2,160
257,Son Heung-min,3,1,31,30-161,59,1992,4,4,360
258,Piero Hincapié,2,0,28,20-341,43,2002,3,3,270
259,Jonas Hofmann,3,0,32,30-155,116,1992,2,0,30
260,Junior Hoilett,3,1,9,32-194,151,1990,3,2,161
261,Martin Hongla,1,0,6,24-275,152,1998,2,2,121
262,Ricardo Horta,3,0,30,28-092,153,1994,3,1,119
263,Hossein Hosseini,4,0,21,30-169,87,1992,2,1,161
264,Majid Hosseini,2,0,21,26-179,154,1996,3,3,270
265,Ajdin Hrustic,1,3,23,26-164,152,1996,3,0,62
266,Atiba Hutchinson,1,0,9,39-311,155,1983,3,2,159
267,Pierre Højbjerg,1,0,20,27-133,59,1995,3,3,270
268,Romario Ibarra,1,0,28,28-083,27,1994,2,1,68
269,Ivan Ilić,1,0,24,21-274,152,2001,1,0,34
270,Hwang In-beom,1,0,31,26-087,6,1996,4,4,334
271,Jackson Irvine,1,3,23,29-284,156,1993,4,4,354
272,Ko Itakura,2,0,22,25-323,116,1997,3,3,270
273,Hiroki Ito,2,0,22,23-218,117,1999,1,0,45
274,Junya Ito,1,3,22,29-282,157,1993,4,3,324
275,Yahya Jabrane,1,0,7,31-181,42,1991,2,0,15
276,Nicolas Jackson,3,0,5,21-179,124,2001,1,0,17
277,Lee Jae-sung,1,3,31,30-128,122,1992,3,3,211
278,Alireza Jahanbakhsh,1,0,21,29-127,158,1993,2,1,59
279,Ismail Jakobs,2,0,5,23-121,105,1999,4,3,278
280,Abolfazl Jalali,2,0,21,24-173,87,1998,1,0,19
281,Daniel James,3,1,18,25-036,159,1997,3,2,154
282,Vincent Janssen,3,0,13,28-184,20,1994,2,1,86
283,Ardon Jasari,3,0,10,20-139,111,2002,1,0,2
284,Issam Jebali,3,0,2,30-356,160,1991,3,2,182
285,Artur Jędrzejczyk,2,0,26,35-042,161,1987,1,0,19
286,Mathias Jensen,1,0,20,26-349,98,1996,2,1,84
287,Gabriel Jesus,3,0,17,25-257,162,1997,3,1,93
288,Raúl Jiménez,3,0,19,31-225,149,1991,3,0,59
289,Kim Jin-su,2,0,31,30-186,143,1992,4,4,315
290,Brennan Johnson,3,1,18,21-207,127,2001,3,0,91
291,Alistair Johnston,2,0,9,24-069,163,1998,3,3,270
292,Frenkie de Jong,1,0,13,25-218,19,1997,5,5,475
293,Luuk de Jong,3,0,13,32-111,130,1990,1,0,57
294,Luka Jović,3,0,24,24-358,32,1997,1,0,36
295,Son Jun-ho,1,2,31,30-218,164,1992,3,0,72
296,Vinicius Júnior,3,0,17,22-157,39,2000,4,4,299
297,Josip Juranović,2,0,25,27-122,78,1995,6,6,600
298,Daichi Kamada,3,1,22,26-133,140,1996,4,4,322
299,Jakub Kamiński,1,0,26,20-194,165,2002,4,2,233
300,Hossein Kanaanizadegan,2,0,21,28-268,166,1994,1,0,45
301,Harry Kane,3,0,16,29-141,59,1993,5,5,402
302,Lee Kangin,1,3,31,21-300,167,2001,4,1,147
303,Mohamed Kanno,1,3,4,28-085,4,1994,3,3,270
304,Fran Karačić,2,0,23,26-218,168,1996,2,1,93
305,Ali Karimi,1,0,21,28-308,154,1994,3,1,99
306,Mark-Anthony Kaye,1,0,9,28-014,169,1994,1,1,59
307,Wajdi Kechrida,2,0,2,27-041,170,1995,3,1,111
308,Thilo Kehrer,2,0,32,26-086,15,1996,1,1,69
309,Wahbi Khazri,3,1,2,31-311,171,1991,2,1,83
310,Musab Kheder,2,0,11,29-081,14,1993,1,0,6
311,Boualem Khoukhi,2,0,11,32-160,14,1990,3,3,270
312,Joshua Kimmich,1,2,32,27-311,92,1995,3,3,270
313,Jakub Kiwior,2,0,26,22-304,31,2000,4,4,355
314,Simon Kjær,2,0,20,33-265,48,1989,1,1,64
315,Davy Klaassen,1,3,13,29-298,26,1993,4,3,190
316,Lukas Klostermann,2,0,32,26-196,104,1996,2,0,66
317,Gregor Kobel,4,0,10,25-010,56,1997,1,1,90
318,Koke,1,0,14,30-342,77,1992,2,0,52
319,Randal Kolo Muani,3,0,29,24-011,140,1998,2,1,102
320,Ibrahima Konaté,2,0,29,23-205,21,1999,4,3,286
321,Ismaël Koné,1,2,9,20-193,163,2002,3,0,109
322,Teun Koopmeiners,1,0,13,24-291,172,1998,5,1,219
323,Filip Kostić,2,0,24,30-045,66,1992,2,2,179
324,Kalidou Koulibaly,2,0,5,31-179,44,1991,4,4,360
325,Jules Koundé,2,0,29,24-034,19,1998,5,4,361
326,Cheikhou Kouyaté,1,0,5,32-360,127,1989,1,1,72
327,Mateo Kovačić,1,0,25,28-224,44,1994,6,6,545
328,Andrej Kramarić,3,0,25,31-180,173,1991,6,6,414
329,Grzegorz Krychowiak,1,0,26,32-321,5,1990,4,4,332
330,Takefusa Kubo,3,0,22,21-195,174,2001,2,2,90
331,Pierre Kunde,1,0,6,27-143,6,1995,2,2,131
332,Garang Kuol,3,1,23,18-092,96,2004,2,0,37
333,Daniel Kyereh,1,2,3,26-283,109,1996,3,0,33
334,Kwon Kyung-won,2,0,31,30-319,175,1992,2,1,91
335,Aïssa Laïdouni,1,0,2,26-003,176,1996,3,3,243
336,Tariq Lamptey,2,0,3,22-077,73,2000,2,1,102
337,Noa Lang,1,0,13,23-182,69,1999,1,0,8
338,Aymeric Laporte,2,0,14,28-203,18,1994,3,3,300
339,Cyle Larin,3,0,9,27-243,69,1995,3,2,137
340,Richie Laryea,2,1,9,27-343,169,1995,3,2,160
341,Darko Lazović,2,0,24,32-092,152,1990,1,0,25
342,Rafael Leão,3,0,30,23-189,48,1999,5,0,88
343,Mathew Leckie,1,3,23,31-315,177,1991,4,4,333
344,Robert Lewandowski,3,0,26,34-117,19,1988,4,4,360
345,Matthijs de Ligt,2,0,13,23-126,92,1999,2,1,91
346,Jesper Lindstrøm,1,3,20,22-290,140,2000,3,2,200
347,Marko Livaja,3,1,25,29-112,178,1993,5,2,176
348,Dominik Livaković,4,0,25,27-341,179,1995,6,6,600
349,Marcos Llorente,2,0,14,27-320,77,1995,1,1,120
350,Hugo Lloris,4,0,29,35-355,59,1986,5,5,450
351,Dejan Lovren,2,0,25,33-164,180,1989,6,6,600
352,Hirving Lozano,3,0,19,27-139,181,1995,3,3,252
353,Romelu Lukaku,3,0,15,29-217,68,1993,2,0,55
354,Saša Lukić,1,0,24,26-125,182,1996,3,3,245
355,Ali Maâloul,2,0,2,32-349,183,1990,1,1,90
356,Awer Mabil,1,0,23,27-092,184,1995,2,0,24
357,Alexis Mac Allister,1,0,8,23-357,73,1998,5,5,435
358,Jamie Maclaren,3,0,23,29-140,177,1993,3,0,55
359,Assim Madibo,1,0,11,26-055,22,1996,2,2,153
360,Abdullah Madu,2,1,4,29-154,7,1993,1,0,45
361,Daizen Maeda,3,0,22,25-057,78,1997,3,3,180
362,Harry Maguire,2,0,16,29-286,35,1993,5,5,429
363,Lovro Majer,1,0,25,24-333,110,1998,6,0,65
364,Nemanja Maksimović,1,0,24,27-324,185,1995,3,1,122
365,Abdulellah Al-Malki,1,0,4,28-066,4,1994,2,2,174
366,Steve Mandanda,4,0,29,37-263,110,1985,1,1,90
367,José María Giménez,2,0,27,27-330,77,1995,3,3,270
368,João Mário,3,1,30,29-331,47,1993,2,1,84
369,Marquinhos,2,0,17,28-216,147,1994,5,4,426
370,Henry Martín,3,0,19,30-028,37,1992,2,2,146
371,Martinelli,3,0,17,21-181,162,2001,3,1,113
372,Carlos Martínez,2,0,12,23-261,186,1999,1,1,45
373,Emiliano Martínez,4,0,8,30-105,53,1992,6,6,570
374,Lautaro Martínez,3,0,8,25-116,68,1997,5,2,223
375,Lisandro Martínez,2,0,8,24-332,35,1998,5,2,303
376,Pape Matar Sarr,1,0,5,20-093,59,2002,2,0,59
377,Rónald Matarrita,2,1,12,28-160,187,1994,2,0,26
378,Eric Maxim Choupo-Moting,3,1,6,33-268,92,1989,3,3,253
379,Noussair Mazraoui,2,0,7,25-032,92,1997,5,5,365
380,Kylian Mbappé,3,0,29,23-361,147,1998,6,5,478
381,Bryan Mbeumo,3,1,6,23-131,98,1999,3,3,233
382,Riley McGree,3,1,23,24-044,188,1998,4,4,265
383,Weston McKennie,1,0,1,24-110,66,1998,4,4,271
384,Hannibal Mejbri,1,0,2,19-329,189,2003,1,0,11
385,Memphis,3,0,13,28-306,19,1994,5,3,297
386,Nuno Mendes,2,0,30,20-180,147,2002,1,1,41
387,Jhegson Méndez,1,0,28,25-234,10,1997,2,2,180
388,Edouard Mendy,4,0,5,30-290,44,1992,4,4,360
389,Nampalys Mendy,1,0,5,30-176,30,1992,4,3,272
390,Gideon Mensah,2,0,3,24-151,190,1998,1,1,87
391,Chris Mepham,2,0,18,25-041,191,1997,3,3,270
392,Yassine Meriah,2,0,2,29-167,83,1993,3,3,270
393,Dries Mertens,1,3,15,35-224,192,1987,2,1,76
394,Lionel Messi,3,0,8,35-175,147,1987,6,6,570
395,Thomas Meunier,2,0,15,31-095,56,1991,3,2,211
396,Nikola Milenković,2,0,24,25-065,32,1997,3,3,270
397,Arkadiusz Milik,3,1,26,28-291,66,1994,3,1,101
398,Sergej Milinković-Savić,1,0,24,27-292,193,1995,3,3,233
399,Vanja Milinković-Savić,4,0,24,25-299,182,1997,3,3,270
400,Éder Militão,2,0,17,24-332,39,1998,4,4,347
401,Liam Millar,2,0,9,23-080,126,1999,1,0,10
402,Kamal Miller,2,0,9,25-214,163,1997,3,3,270
403,Kim Min-jae,2,0,31,26-031,181,1996,3,3,269
404,Takumi Minamino,3,0,22,27-334,105,1995,3,0,60
405,Kaoru Mitoma,1,0,22,25-210,73,1997,4,0,165
406,Aleksandar Mitrović,3,0,24,28-091,159,1994,3,3,262
407,Stefan Mitrović,2,0,24,32-208,185,1990,1,0,35
408,Filip Mladenović,2,0,24,31-123,161,1991,1,1,65
409,Luka Modrić,1,0,25,37-098,39,1985,6,6,563
410,Ismail Mohamad,3,0,11,32-255,22,1990,2,2,174
411,Milad Mohammadi,2,0,21,29-078,146,1993,3,3,196
412,Kudus Mohammed,3,1,3,22-136,26,2000,3,3,247
413,Sadegh Moharrami,2,0,21,26-290,179,1996,1,1,90
414,Nahuel Molina,2,0,8,24-254,77,1998,6,5,477
415,César Montes,2,0,19,25-295,129,1997,3,3,270
416,Gonzalo Montiel,2,1,8,25-349,11,1997,3,1,88
417,Kim Moonhwan,2,0,31,27-137,143,1995,4,4,360
418,Kieffer Moore,3,0,18,30-130,191,1992,3,2,225
419,Shaquell Moore,2,0,1,26-044,194,1996,2,0,22
420,Aaron Mooy,1,0,23,32-092,78,1990,4,4,360
421,Álvaro Morata,3,0,14,30-054,77,1992,4,1,185
422,Héctor Moreno,2,0,19,34-333,129,1988,3,3,270
423,Hidemasa Morita,1,0,22,27-220,90,1995,3,3,285
424,Joe Morrell,1,0,18,25-347,195,1997,2,0,33
425,Jordan Morris,3,2,1,28-051,196,1994,2,0,4
426,Youssoufa Moukoko,3,0,32,18-026,56,2004,1,0,1
427,Mason Mount,1,0,16,23-340,44,1999,4,2,186
428,Youssef Msakni,1,3,2,32-049,197,1990,2,2,169
429,Thomas Müller,3,1,32,33-094,92,1989,3,3,201
430,Munir,4,0,7,33-220,112,1989,1,1,90
431,Mohammed Muntari,3,1,11,28-361,22,1993,3,0,63
432,Yunus Musah,1,0,1,20-017,82,2002,4,4,343
433,Jamal Musiala,1,3,32,19-293,92,2003,3,3,258
434,Joakim Mæhle,2,0,20,25-210,172,1997,3,3,249
435,Georges-Kévin N'Koudou,3,1,6,27-306,155,1995,2,0,27
436,Yuto Nagatomo,1,2,22,36-095,198,1986,4,4,209
437,Sami Al-Najei,1,0,4,25-312,7,1997,1,1,45
438,Keylor Navas,4,0,12,36-001,147,1986,3,3,270
439,Iliman Ndiaye,3,1,5,22-285,199,2000,3,2,135
440,Victor Nelsson,2,0,20,24-063,192,1998,1,1,90
441,Manuel Neuer,4,0,32,36-264,92,1986,3,3,270
442,Rúben Neves,1,0,30,25-278,149,1997,5,4,268
443,Neymar,1,0,17,30-314,147,1992,3,3,279
444,Moumi Ngamaleu,3,1,6,28-160,200,1994,2,1,95
445,Jerome Ngom Mbekeli,1,0,6,24-077,201,1998,1,0,5
446,Rasmus Nissen,2,0,20,25-158,1,1997,3,3,224
447,Nicolas Nkoulou,2,0,6,32-264,202,1990,2,2,180
448,Andries Noppert,4,0,13,28-253,203,1994,5,5,480
449,Ahmad Nourollahi,1,0,21,29-317,204,1993,3,3,223
450,Olivier Ntcham,1,0,6,26-310,23,1996,1,0,25
451,Matheus Nunes,1,0,30,24-111,149,1998,2,1,73
452,Darwin Núñez,3,0,27,23-175,21,1999,3,3,240
453,Christian Nørgaard,1,0,20,28-281,98,1994,1,0,6
454,Guillermo Ochoa,4,0,19,37-156,37,1985,3,3,270
455,Denis Odoi,2,0,3,34-203,69,1988,1,0,13
456,Noah Okafor,3,1,10,22-206,205,2000,3,0,45
457,Mathías Olivera,2,0,27,25-046,181,1997,3,3,253
458,Dani Olmo,3,0,14,24-223,104,1998,4,4,367
459,Amadou Onana,1,0,15,21-122,132,2001,2,1,104
460,André Onana,4,0,6,26-258,68,1996,1,1,80
461,Gaël Ondoua,1,0,6,27-042,206,1995,2,0,47
462,Loïs Openda,3,0,15,22-303,3,2000,1,0,13
463,Mislav Oršić,3,0,25,29-352,179,1992,5,0,73
464,Jonathan Osorio,1,3,9,30-187,169,1992,3,1,119
465,Nicolás Otamendi,2,0,8,34-307,47,1988,6,6,570
466,Otávio,1,0,30,27-310,95,1995,3,3,196
467,Samuel Oum Gouet,1,0,6,25-003,207,1997,2,1,100
468,Azzedine Ounahi,1,0,7,22-241,64,2000,6,6,533
469,Bryan Oviedo,2,0,12,32-301,208,1990,3,3,260
470,Mohammed Al-Owais,4,0,4,31-067,4,1991,3,3,270
471,Juan Pablo Vargas,2,0,12,27-193,209,1995,1,1,90
472,Exequiel Palacios,1,2,8,24-072,43,1998,3,0,50
473,João Palhinha,1,0,30,27-160,159,1995,3,0,38
474,Lucas Paquetá,1,0,17,25-111,15,1997,4,4,314
475,Leandro Paredes,1,0,8,28-170,66,1994,4,2,206
476,Thomas Partey,1,0,3,29-186,162,1993,3,3,270
477,Mario Pašalić,3,0,25,27-310,172,1995,6,2,246
478,Benjamin Pavard,2,0,29,26-263,92,1996,1,1,88
479,Strahinja Pavlović,2,0,24,21-206,205,2001,3,3,235
480,Pedri,1,0,14,20-021,19,2002,4,4,356
481,Pedro,3,0,17,25-179,101,1997,2,0,64
482,Facundo Pellistri,1,3,27,20-361,35,2001,3,2,181
483,Pepe,2,0,30,39-293,95,1983,4,4,360
484,Danilo Pereira,2,0,30,31-098,147,1991,1,1,90
485,Ivan Perišić,3,2,25,33-317,59,1989,6,6,579
486,Bruno Petković,3,0,25,28-091,179,1994,5,1,209
487,Germán Pezzella,2,0,8,31-172,79,1991,2,0,55
488,Kalvin Phillips,1,0,16,27-014,18,1995,2,0,42
489,Krzysztof Piątek,3,0,26,27-168,67,1995,2,0,28
490,Jordan Pickford,4,0,16,28-284,132,1994,5,5,450
491,Orbelín Pineda,1,0,19,26-267,146,1996,1,1,76
492,Gonzalo Plata,1,3,28,22-045,210,2000,3,3,269
493,Jackson Porozo,2,0,28,22-134,211,2000,2,1,96
494,Morteza Pouraliganji,2,0,21,30-241,55,1992,3,3,270
495,Ángelo Preciado,2,0,28,24-301,212,1998,3,3,264
496,Christian Pulisic,3,1,1,24-089,44,1998,4,4,315
497,Adrien Rabiot,1,0,29,27-257,66,1995,5,4,388
498,Nemanja Radonjić,2,3,24,26-304,182,1996,3,0,60
499,Baba Rahman,2,0,3,28-167,151,1994,3,2,183
500,Gonçalo Ramos,3,1,30,21-179,47,2001,4,2,152
501,Aaron Ramsey,1,0,18,31-355,213,1990,3,3,266
502,Raphinha,3,0,17,26-002,19,1996,5,4,315
503,Marcus Rashford,3,0,16,25-046,35,1997,5,1,140
504,David Raum,2,0,32,24-238,104,1998,3,3,242
505,Bassam Al-Rawi,2,0,11,25-000,22,1997,1,1,90
506,Tim Ream,2,0,1,35-072,159,1987,4,4,360
507,Djorkaeff Reasco,3,0,28,23-332,214,1999,1,0,27
508,Gio Reyna,3,0,1,20-033,56,2002,2,0,53
509,Ramin Rezaeian,2,0,21,32-270,215,1990,2,2,180
510,Everton Ribeiro,1,0,17,33-250,101,1989,1,0,36
511,Declan Rice,1,0,16,23-336,15,1999,5,5,417
512,Richarlison,3,0,17,25-220,59,1997,4,4,323
513,Fabian Rieder,3,0,10,20-303,121,2002,2,1,68
514,Ró-Ró,2,0,11,32-132,14,1990,3,3,262
515,Connor Roberts,2,0,18,27-084,216,1995,3,2,200
516,Antonee Robinson,2,0,1,25-130,159,1997,4,4,359
517,Sergio Rochet,4,0,27,29-268,217,1993,3,3,270
518,Joe Rodon,2,0,18,25-055,110,1997,3,3,270
519,Rodri,2,0,14,26-177,18,1996,4,4,390
520,Charly Rodríguez,1,0,19,25-347,36,1997,2,0,34
521,Guido Rodríguez,1,0,8,28-248,79,1994,1,1,56
522,Kevin Rodríguez,3,0,28,22-287,218,2000,2,0,2
523,Ricardo Rodríguez,2,0,10,30-113,182,1992,4,4,359
524,Rodrygo,1,3,17,21-341,39,2001,5,1,181
525,Mohamed Ali Ben Romdhane,1,0,2,23-101,83,1999,1,1,73
526,Cristian Romero,2,0,8,24-233,59,1998,6,5,427
527,Cristiano Ronaldo,3,0,30,37-314,35,1985,5,3,290
528,Marten de Roon,1,0,13,31-262,172,1991,5,3,184
529,Kye Rowles,2,0,23,24-175,41,1998,4,4,360
530,Antonio Rüdiger,2,0,32,29-288,39,1993,3,3,270
531,Bryan Ruiz,1,0,12,37-120,62,1985,1,0,30
532,Mathew Ryan,4,0,23,30-252,94,1992,4,4,360
533,Youssouf Sabaly,2,0,5,29-286,79,1993,4,4,360
534,Abdelhamid Sabiri,1,0,7,26-018,60,1996,4,1,136
535,Romain Saïss,2,0,7,32-265,155,1990,6,6,466
536,Bukayo Saka,3,0,16,21-102,162,2001,4,4,288
537,Hiroki Sakai,1,2,22,32-248,219,1990,2,1,119
538,Youstin Salas,2,1,12,26-182,220,1996,2,0,47
539,William Saliba,2,0,29,21-267,162,2001,1,0,28
540,Mohammed Salisu,2,0,3,23-243,221,1999,3,3,270
541,Tarek Salman,2,0,11,25-011,14,1997,1,0,8
542,Alex Sandro,2,0,17,31-324,66,1991,3,2,190
543,Leroy Sané,3,2,32,26-339,92,1996,2,1,111
544,Na Sang-ho,3,0,31,26-126,222,1996,2,1,119
545,Pablo Sarabia,3,0,14,30-219,147,1992,1,0,3
546,Josh Sargent,3,0,1,22-299,223,2000,3,2,157
547,Jeremy Sarmiento,1,3,28,20-183,73,2002,3,0,85
548,Ismaila Sarr,3,1,5,24-294,224,1998,4,4,344
549,Ferjani Sassi,1,2,2,30-273,22,1992,2,0,48
550,Fabian Schär,2,0,10,30-361,144,1991,2,2,135
551,Nico Schlotterbeck,2,0,32,23-015,56,1999,2,1,94
552,Kasper Schmeichel,4,0,20,36-041,213,1986,3,3,270
553,Haris Seferović,3,0,10,30-297,192,1992,3,0,71
554,Alidu Seidu,2,0,3,22-195,225,2000,2,2,155
555,Antoine Semenyo,3,1,3,22-343,226,2000,2,0,20
556,Kim Seung-gyu,4,0,31,32-077,5,1990,4,4,360
557,Paik Seung-ho,1,0,31,25-274,143,1997,1,0,26
558,Yasser Al-Shahrani,2,0,4,30-205,4,1992,1,1,89
559,Xherdan Shaqiri,3,1,10,31-067,227,1991,3,3,229
560,Riyadh Sharahili,1,0,4,29-232,118,1993,1,0,54
561,Luke Shaw,2,0,16,27-157,35,1995,5,5,424
562,Saad Al Sheeb,4,0,11,32-300,14,1990,1,1,90
563,Saleh Al-Shehri,3,0,4,29-045,4,1993,3,3,223
564,André Silva,3,0,30,27-040,104,1995,1,0,26
565,António Silva,2,0,30,19-047,47,2003,1,1,90
566,Bernardo Silva,1,0,30,28-128,18,1994,5,4,356
567,Thiago Silva,2,0,17,38-085,44,1984,4,4,390
568,Unai Simón,4,0,14,25-188,228,1997,4,4,390
569,Xavi Simons,3,1,13,19-239,130,2003,1,0,9
570,Ellyes Skhiri,1,0,2,27-220,229,1995,3,3,270
571,Michał Skóraś,1,0,26,22-304,230,2000,1,0,45
572,Andreas Skov Olsen,3,1,20,22-352,69,1999,2,2,132
573,Robert Skov,2,0,20,26-210,173,1996,1,0,22
574,Naïm Sliti,1,3,2,30-142,231,1992,2,1,114
575,Carlos Soler,1,0,14,25-348,147,1997,2,0,92
576,Yuki Soma,3,1,22,25-294,232,1997,1,1,81
577,Yann Sommer,4,0,10,33-364,116,1988,3,3,270
578,Borna Sosa,2,0,25,24-329,117,1998,5,5,424
579,Harry Souttar,2,0,23,24-055,233,1998,4,4,360
580,Djibril Sow,1,0,10,25-313,140,1997,4,4,264
581,Renato Steffen,3,0,10,31-043,234,1991,1,0,32
582,Raheem Sterling,3,0,16,28-008,44,1994,3,2,149
583,John Stones,2,0,16,28-202,18,1994,5,5,434
584,Luis Suárez,3,0,27,35-326,217,1987,3,2,146
585,Niklas Süle,2,0,32,27-104,56,1995,3,3,269
586,Kamaldeen Sulemana,3,0,3,20-304,110,2002,2,0,58
587,Karol Świderski,3,0,26,25-327,235,1997,1,1,45
588,Wojciech Szczęsny,4,0,26,32-242,66,1990,4,4,360
589,Damian Szymański,1,0,26,27-183,146,1995,1,0,29
590,Sebastian Szymański,1,0,26,23-220,158,1999,2,2,134
591,Dušan Tadić,1,3,24,34-026,26,1988,3,3,257
592,Nicolás Tagliafico,2,0,8,30-107,236,1992,5,2,254
593,Montassar Talbi,2,0,2,24-204,237,1998,3,3,270
594,Hassan Al Tambakti,2,0,4,23-310,5,1999,2,2,180
595,Ao Tanaka,1,0,22,24-097,238,1998,3,2,171
596,Shogo Taniguchi,2,0,22,31-154,239,1991,2,2,210
597,Mehdi Taremi,3,0,21,30-151,95,1992,3,3,270
598,Kenneth Taylor,1,0,13,20-214,26,2002,1,0,5
599,Aurélien Tchouaméni,1,0,29,22-323,39,2000,6,6,501
600,Yeltsin Tejeda,1,0,12,30-274,93,1992,3,3,269
601,Alex Telles,2,0,17,30-001,11,1992,2,1,59
602,Sorba Thomas,1,0,18,23-116,240,1999,1,0,1
603,Marcus Thuram,3,0,29,25-132,116,1997,4,0,71
604,Youri Tielemans,1,0,15,25-223,30,1997,3,1,95
605,Jurriën Timber,2,0,13,21-182,26,2001,4,4,390
606,Karl Toko Ekambi,3,1,6,30-093,236,1992,3,2,166
607,Nouhou Tolo,2,0,6,25-176,196,1997,3,3,270
608,Takehiro Tomiyasu,2,1,22,24-041,162,1998,3,1,187
609,Mehdi Torabi,1,0,21,28-097,55,1994,3,0,62
610,Félix Torres Caicedo,2,0,28,25-339,241,1997,3,3,270
611,Ferrán Torres,3,0,14,22-290,19,2000,4,3,217
612,Gerson Torres,1,0,12,25-110,93,1997,1,1,64
613,Pau Torres,2,0,14,25-334,124,1997,1,1,90
614,Kieran Trippier,2,0,16,32-088,144,1990,3,2,206
615,Leandro Trossard,3,1,15,28-012,73,1994,3,1,103
616,Matt Turner,4,0,1,28-175,162,1994,4,4,360
617,Ayase Ueda,3,0,22,24-097,242,1998,1,1,45
618,Hwang Ui-jo,3,1,31,30-110,6,1992,4,1,106
619,Dayot Upamecano,2,0,29,24-050,92,1998,4,4,360
620,Enner Valencia,3,1,28,33-042,52,1989,3,3,255
621,Federico Valverde,1,0,27,24-147,39,1998,3,3,270
622,Virgil van Dijk,2,0,13,31-161,21,1991,5,5,480
623,Raphaël Varane,2,0,29,29-235,35,1993,5,5,406
624,Guillermo Varela,2,0,27,29-267,101,1993,3,2,183
625,Ruben Vargas,3,0,10,24-133,142,1998,4,4,285
626,Matías Vecino,1,0,27,31-114,193,1991,3,2,195
627,Alexis Vega,3,0,19,25-021,25,1997,3,3,193
628,Miloš Veljković,2,0,24,27-081,128,1995,3,3,221
629,Johan Venegas,3,1,12,34-019,62,1988,1,1,73
630,Jordan Veretout,1,0,29,29-290,107,1993,1,1,62
631,Jan Vertonghen,2,0,15,35-236,243,1987,3,3,270
632,Matías Viña,2,0,27,25-037,114,1997,2,0,17
633,Vitinha,1,0,30,22-306,147,2000,3,1,120
634,Steven Vitória,2,0,9,35-339,244,1987,3,3,270
635,Dušan Vlahović,3,0,24,22-322,66,2000,2,1,79
636,Nikola Vlašić,3,1,25,25-073,182,1997,5,1,179
637,Mohammed Waad,1,2,11,23-089,14,1999,2,0,28
638,Kyle Walker,2,0,16,32-202,18,1990,3,3,236
639,Danny Ward,4,0,18,29-177,30,1993,2,1,94
640,Kendall Waston,2,0,12,34-349,220,1988,3,2,225
641,Timothy Weah,3,0,1,22-297,100,2000,4,4,316
642,Wout Weghorst,3,0,13,30-131,155,1992,4,0,64
643,Wéverton,4,0,17,35-003,245,1987,1,0,11
644,Silvan Widmer,2,0,10,29-286,122,1993,3,3,265
645,Iñaki Williams,3,0,3,28-184,228,1994,3,3,270
646,Neco Williams,2,0,18,21-247,127,2001,3,3,204
647,Nico Williams,3,0,14,20-157,228,2002,4,1,146
648,Callum Wilson,3,0,16,30-292,144,1992,2,0,48
649,Harry Wilson,1,3,18,25-269,159,1997,3,2,160
650,Roan Wilson,1,0,12,20-229,246,2002,1,0,1
651,Axel Witsel,1,0,15,33-338,77,1989,3,3,270
652,Jeong Woo-yeong,1,0,31,23-087,109,1999,1,1,45
653,Jung Woo-young,1,0,31,33-002,14,1989,4,4,303
654,Christopher Wooh,2,0,6,21-089,110,2001,1,1,90
655,David Wotherspoon,1,0,9,32-334,247,1990,1,0,15
656,Bailey Wright,2,0,23,30-141,58,1992,1,0,17
657,Haji Wright,3,0,1,24-264,248,1998,4,1,137
658,Granit Xhaka,1,0,10,30-080,162,1992,4,4,360
659,Miki Yamane,2,1,22,28-359,239,1993,1,1,61
660,Jawad El Yamiq,2,0,7,30-290,210,1992,5,2,244
661,Taha Yassine Khenissi,3,0,2,30-344,249,1992,2,0,29
662,DeAndre Yedlin,2,0,1,29-160,250,1993,2,0,33
663,Maya Yoshida,2,0,22,34-114,251,1988,4,4,390
664,Kim Young-gwon,2,0,31,32-292,252,1990,4,4,350
665,Cho Yumin,3,0,31,26-029,253,1996,1,0,1
666,Denis Zakaria,1,0,10,26-026,44,1996,2,0,59
667,Nicola Zalewski,1,0,26,20-327,114,2002,2,1,65
668,Andre-Frank Zambo Anguissa,1,0,6,27-030,181,1995,3,3,260
669,Álvaro Zamora,1,0,12,20-282,220,2002,1,0,30
670,Piotr Zieliński,1,3,26,28-210,181,1994,4,4,328
671,Walker Zimmerman,2,0,1,29-211,194,1993,4,3,279
672,Andrija Živković,2,0,24,26-158,254,1996,3,3,210
673,Hakim Ziyech,3,1,7,29-272,44,1993,6,6,545
674,Filip Đuričić,1,3,24,30-320,60,1992,2,0,14
675,Alisson,4,0,17,30-075,21,1992,4,4,379
676,Lawrence Ati-Zigi,4,0,3,26-017,40,1996,3,3,270
677,Meshaal Barsham,4,0,11,24-305,14,1998,2,2,180
678,Alireza Beiranvand,4,0,21,30-086,55,1992,2,2,109
679,Milan Borjan,4,0,9,35-054,63,1987,3,3,270
680,Yassine Bounou,4,0,7,31-255,11,1991,5,5,480
681,Diogo Costa,4,0,30,23-088,95,1999,5,5,450
682,Thibaut Courtois,4,0,15,30-219,39,1992,3,3,270
683,Aimen Dahmen,4,0,2,25-322,97,1997,3,3,270
684,Ederson,4,0,17,29-121,18,1993,1,1,90
685,Devis Epassy,4,0,6,29-317,118,1993,2,2,180
686,Hernán Galíndez,4,0,28,35-261,131,1987,3,3,270
687,Shūichi Gonda,4,0,22,33-288,138,1989,4,4,390
688,Wayne Hennessey,4,0,18,35-326,127,1987,2,2,175
689,Hossein Hosseini,4,0,21,30-169,87,1992,2,1,161
690,Gregor Kobel,4,0,10,25-010,56,1997,1,1,90
691,Dominik Livaković,4,0,25,27-341,179,1995,6,6,600
692,Hugo Lloris,4,0,29,35-355,59,1986,5,5,450
693,Steve Mandanda,4,0,29,37-263,110,1985,1,1,90
694,Emiliano Martínez,4,0,8,30-105,53,1992,6,6,570
695,Edouard Mendy,4,0,5,30-290,44,1992,4,4,360
696,Vanja Milinković-Savić,4,0,24,25-299,182,1997,3,3,270
697,Munir,4,0,7,33-220,112,1989,1,1,90
698,Keylor Navas,4,0,12,36-001,147,1986,3,3,270
699,Manuel Neuer,4,0,32,36-264,92,1986,3,3,270
700,Andries Noppert,4,0,13,28-253,203,1994,5,5,480
701,Guillermo Ochoa,4,0,19,37-156,37,1985,3,3,270
702,André Onana,4,0,6,26-258,68,1996,1,1,80
703,Mohammed Al-Owais,4,0,4,31-067,4,1991,3,3,270
704,Jordan Pickford,4,0,16,28-284,132,1994,5,5,450
705,Sergio Rochet,4,0,27,29-268,217,1993,3,3,270
706,Mathew Ryan,4,0,23,30-252,94,1992,4,4,360
707,Kasper Schmeichel,4,0,20,36-041,213,1986,3,3,270
708,Kim Seung-gyu,4,0,31,32-077,5,1990,4,4,360
709,Saad Al Sheeb,4,0,11,32-300,14,1990,1,1,90
710,Unai Simón,4,0,14,25-188,228,1997,4,4,390
711,Yann Sommer,4,0,10,33-364,116,1988,3,3,270
712,Wojciech Szczęsny,4,0,26,32-242,66,1990,4,4,360
713,Matt Turner,4,0,1,28-175,162,1994,4,4,360
714,Danny Ward,4,0,18,29-177,30,1993,2,1,94
715,Wéverton,4,0,17,35-003,245,1987,1,0,11
